{
    "dialogue": {
        "system": "rhasspy"
    },
    "handle": {
        "remote": {
            "url": "http://localhost:5000/test/v2"
        },
        "satellite_site_ids": "test",
        "system": "remote"
    },
    "intent": {
        "system": "fsticuffs"
    },
    "microphone": {
        "pyaudio": {
            "device": "11"
        },
        "system": "pyaudio"
    },
    "mqtt": {
        "enabled": ""
    },
    "sounds": {
        "aplay": {
            "device": "sysdefault:CARD=sofhdadsp"
        },
        "system": "aplay"
    },
    "speech_to_text": {
        "system": "kaldi"
    },
    "text_to_speech": {
        "system": "nanotts"
    },
    "wake": {
        "porcupine": {
            "keyword_path": "jarvis_linux.ppn"
        },
        "raven": {
            "keywords": {
                "kim": {
                    "enabled": true
                },
                "kimjong": {
                    "enabled": true
                },
                "kimyon": {
                    "enabled": true
                }
            }
        },
        "system": "raven"
    }
}